{"cameraMode":{"drawMode":0,"name":"Shaded","section":"Shading Mode"},"sceneLighting":false,"audioPlay":false,"sceneViewState":{"m_AlwaysRefresh":false,"showFog":true,"showSkybox":true,"showFlares":true,"showImageEffects":true,"showParticleSystems":true,"showVisualEffectGraphs":true,"m_FxEnabled":true},"in2DMode":false,"pivot":{"x":-13.295660972595215,"y":-1.7417525053024293,"z":2.7960588932037355},"rotation":{"x":0.07210543751716614,"y":0.7204369306564331,"z":-0.07355838268995285,"w":0.685841977596283},"size":1.2124354839324952,"orthographic":false}