{"cameraMode":{"drawMode":0,"name":"Shaded","section":"Shading Mode"},"sceneLighting":false,"audioPlay":false,"sceneViewState":{"m_AlwaysRefresh":false,"showFog":true,"showSkybox":false,"showFlares":true,"showImageEffects":true,"showParticleSystems":true,"showVisualEffectGraphs":true,"m_FxEnabled":true},"in2DMode":false,"pivot":{"x":0.22823630273342133,"y":-0.0809495747089386,"z":-0.6666936874389648},"rotation":{"x":0.07609625905752182,"y":0.04331324249505997,"z":-0.001801857608370483,"w":0.9961586594581604},"size":0.9049965143203735,"orthographic":false}